[EE__x(t) = -1.1e-005, EE__y(t) = .67783121622, EE__angle(t) = .001791354503]
[EE__x(t) = -7.1e-005, EE__y(t) = .67783119547, EE__angle(t) = .002424639437]
[EE__x(t) = -.000196, EE__y(t) = .67783235291, EE__angle(t) = .003035071924]
[EE__x(t) = -.0004, EE__y(t) = .67784072036, EE__angle(t) = .003583187736]
[EE__x(t) = -.000678, EE__y(t) = .6778563678, EE__angle(t) = .00402152782]
[EE__x(t) = -.001031, EE__y(t) = .67787517525, EE__angle(t) = .004309321044]
[EE__x(t) = -.001452, EE__y(t) = .67789118269, EE__angle(t) = .004409171363]
[EE__x(t) = -.001938, EE__y(t) = .67789941014, EE__angle(t) = .00428923246]
[EE__x(t) = -.002488, EE__y(t) = .67789617758, EE__angle(t) = .003921828575]
[EE__x(t) = -.003101, EE__y(t) = .67788157503, EE__angle(t) = .003291917916]
[EE__x(t) = -.003781, EE__y(t) = .67785831247, EE__angle(t) = .002391680035]
[EE__x(t) = -.004528, EE__y(t) = .67782993992, EE__angle(t) = .001228772315]
[EE__x(t) = -.005342, EE__y(t) = .67779935836, EE__angle(t) = -.0001809002048]
[EE__x(t) = -.006222, EE__y(t) = .67776732481, EE__angle(t) = -.001805963549]
[EE__x(t) = -.007162, EE__y(t) = .67773246226, EE__angle(t) = -.003607446623]
[EE__x(t) = -.008164, EE__y(t) = .6776928397, EE__angle(t) = -.005534686503]
[EE__x(t) = -.009229, EE__y(t) = .67764690715, EE__angle(t) = -.007532070114]
[EE__x(t) = -.010357, EE__y(t) = .67759453459, EE__angle(t) = -.009539768151]
[EE__x(t) = -.011547, EE__y(t) = .67753716204, EE__angle(t) = -.01149740986]
[EE__x(t) = -.012802, EE__y(t) = .67747591948, EE__angle(t) = -.01335036006]
[EE__x(t) = -.014119, EE__y(t) = .67741090693, EE__angle(t) = -.01504871302]
[EE__x(t) = -.015499, EE__y(t) = .67734069437, EE__angle(t) = -.01655805657]
[EE__x(t) = -.016942, EE__y(t) = .67726303182, EE__angle(t) = -.01785349258]
[EE__x(t) = -.018444, EE__y(t) = .67717620926, EE__angle(t) = -.0189329467]
[EE__x(t) = -.020007, EE__y(t) = .67708039671, EE__angle(t) = -.01980721656]
[EE__x(t) = -.021633, EE__y(t) = .67697832415, EE__angle(t) = -.02051405263]
[EE__x(t) = -.023318, EE__y(t) = .6768742116, EE__angle(t) = -.02110472273]
[EE__x(t) = -.025065, EE__y(t) = .67677165105, EE__angle(t) = -.02165249855]
[EE__x(t) = -.026871, EE__y(t) = .67667177649, EE__angle(t) = -.02224129363]
[EE__x(t) = -.028728, EE__y(t) = .67657317394, EE__angle(t) = -.02297069608]
[EE__x(t) = -.030626, EE__y(t) = .67647326138, EE__angle(t) = -.02394545332]
[EE__x(t) = -.032559, EE__y(t) = .67636999683, EE__angle(t) = -.02526734117]
[EE__x(t) = -.034516, EE__y(t) = .67626279627, EE__angle(t) = -.02703448954]
[EE__x(t) = -.036489, EE__y(t) = .67615255372, EE__angle(t) = -.02933003374]
[EE__x(t) = -.038471, EE__y(t) = .67604118116, EE__angle(t) = -.03222630044]
[EE__x(t) = -.040456, EE__y(t) = .67593058861, EE__angle(t) = -.03576418109]
[EE__x(t) = -.042433, EE__y(t) = .67582215605, EE__angle(t) = -.03996713974]
[EE__x(t) = -.044391, EE__y(t) = .6757166635, EE__angle(t) = -.04482328391]
[EE__x(t) = -.046316, EE__y(t) = .67561466094, EE__angle(t) = -.05030134275]
[EE__x(t) = -.048199, EE__y(t) = .67551675139, EE__angle(t) = -.05633156512]
[EE__x(t) = -.050029, EE__y(t) = .67542305583, EE__angle(t) = -.06282574634]
[EE__x(t) = -.051795, EE__y(t) = .67533399328, EE__angle(t) = -.06966919902]
[EE__x(t) = -.053485, EE__y(t) = .67525115073, EE__angle(t) = -.07673582474]
[EE__x(t) = -.055091, EE__y(t) = .67517883817, EE__angle(t) = -.08388881115]
[EE__x(t) = -.056603, EE__y(t) = .67512043562, EE__angle(t) = -.09098844788]
[EE__x(t) = -.058023, EE__y(t) = .67507637306, EE__angle(t) = -.0979007136]
[EE__x(t) = -.059349, EE__y(t) = .67504348051, EE__angle(t) = -.1044982793]
[EE__x(t) = -.060585, EE__y(t) = .67501628795, EE__angle(t) = -.1106808628]
[EE__x(t) = -.061734, EE__y(t) = .6749898784, EE__angle(t) = -.1163631746]
[EE__x(t) = -.062796, EE__y(t) = .67496271284, EE__angle(t) = -.1214903268]
[EE__x(t) = -.063772, EE__y(t) = .67493567029, EE__angle(t) = -.1260249733]
[EE__x(t) = -.064661, EE__y(t) = .67491097773, EE__angle(t) = -.1299679899]
[EE__x(t) = -.065459, EE__y(t) = .67489022818, EE__angle(t) = -.1333382971]
[EE__x(t) = -.066164, EE__y(t) = .67487401262, EE__angle(t) = -.1361794494]
[EE__x(t) = -.066773, EE__y(t) = .67486215007, EE__angle(t) = -.1385464673]
[EE__x(t) = -.067282, EE__y(t) = .67485373752, EE__angle(t) = -.14050931]
[EE__x(t) = -.067684, EE__y(t) = .67484783496, EE__angle(t) = -.1421431361]
[EE__x(t) = -.067979, EE__y(t) = .67484311241, EE__angle(t) = -.1435219215]
[EE__x(t) = -.068164, EE__y(t) = .67483837985, EE__angle(t) = -.1447157955]
[EE__x(t) = -.068235, EE__y(t) = .6748326473, EE__angle(t) = -.1457749401]
[EE__x(t) = -.068186, EE__y(t) = .67482500874, EE__angle(t) = -.1467402738]
[EE__x(t) = -.068016, EE__y(t) = .67481541219, EE__angle(t) = -.1476407691]
[EE__x(t) = -.067723, EE__y(t) = .67480443963, EE__angle(t) = -.1484967591]
[EE__x(t) = -.067308, EE__y(t) = .67479329208, EE__angle(t) = -.1493033482]
[EE__x(t) = -.066765, EE__y(t) = .67478243952, EE__angle(t) = -.150045734]
[EE__x(t) = -.066099, EE__y(t) = .67477180197, EE__angle(t) = -.1507045663]
[EE__x(t) = -.065312, EE__y(t) = .67476105941, EE__angle(t) = -.1512587422]
[EE__x(t) = -.064403, EE__y(t) = .67474975686, EE__angle(t) = -.1516865116]
[EE__x(t) = -.063377, EE__y(t) = .6747373143, EE__angle(t) = -.151969622]
[EE__x(t) = -.062232, EE__y(t) = .67472311175, EE__angle(t) = -.1521116064]
[EE__x(t) = -.06097, EE__y(t) = .6747067252, EE__angle(t) = -.1521258193]
[EE__x(t) = -.059592, EE__y(t) = .67468779664, EE__angle(t) = -.1520369286]
[EE__x(t) = -.058098, EE__y(t) = .67466570409, EE__angle(t) = -.1518781311]
[EE__x(t) = -.05649, EE__y(t) = .67463931153, EE__angle(t) = -.1517085454]
[EE__x(t) = -.054771, EE__y(t) = .67460735898, EE__angle(t) = -.1515970812]
[EE__x(t) = -.052943, EE__y(t) = .67457032642, EE__angle(t) = -.1516150567]
[EE__x(t) = -.051008, EE__y(t) = .67453032387, EE__angle(t) = -.1518336027]
[EE__x(t) = -.048967, EE__y(t) = .67448930431, EE__angle(t) = -.1523176927]
[EE__x(t) = -.046823, EE__y(t) = .67444850876, EE__angle(t) = -.1531263425]
[EE__x(t) = -.044573, EE__y(t) = .6744071362, EE__angle(t) = -.1542967923]
[EE__x(t) = -.042218, EE__y(t) = .67436404365, EE__angle(t) = -.1558517596]
[EE__x(t) = -.039761, EE__y(t) = .67431826109, EE__angle(t) = -.1577751675]
[EE__x(t) = -.037201, EE__y(t) = .67426998854, EE__angle(t) = -.1600311869]
[EE__x(t) = -.034537, EE__y(t) = .67422048598, EE__angle(t) = -.1625506016]
[EE__x(t) = -.031774, EE__y(t) = .67417081343, EE__angle(t) = -.1652464444]
[EE__x(t) = -.028914, EE__y(t) = .67412217088, EE__angle(t) = -.1679986002]
[EE__x(t) = -.025964, EE__y(t) = .67407461832, EE__angle(t) = -.1706732235]
[EE__x(t) = -.022925, EE__y(t) = .67402698577, EE__angle(t) = -.1731262988]
[EE__x(t) = -.019805, EE__y(t) = .67397862021, EE__angle(t) = -.1752102026]
[EE__x(t) = -.016615, EE__y(t) = .67392896066, EE__angle(t) = -.1767776989]
[EE__x(t) = -.013358, EE__y(t) = .6738784381, EE__angle(t) = -.1776873504]
[EE__x(t) = -.010047, EE__y(t) = .67382785555, EE__angle(t) = -.1778307549]
[EE__x(t) = -.006685, EE__y(t) = .67377824299, EE__angle(t) = -.1771180813]
[EE__x(t) = -.003283, EE__y(t) = .67373121044, EE__angle(t) = -.1754981388]
[EE__x(t) = .000154, EE__y(t) = .67368798788, EE__angle(t) = -.1729417988]
[EE__x(t) = .003617, EE__y(t) = .67364967923, EE__angle(t) = -.1694671488]
[EE__x(t) = .007095, EE__y(t) = .67361649277, EE__angle(t) = -.1651173113]
[EE__x(t) = .01058, EE__y(t) = .67358830322, EE__angle(t) = -.1599818697]
[EE__x(t) = .014065, EE__y(t) = .67356479767, EE__angle(t) = -.1541717076]
[EE__x(t) = .017537, EE__y(t) = .67354631511, EE__angle(t) = -.1478239639]
[EE__x(t) = .020997, EE__y(t) = .67353395256, EE__angle(t) = -.1410869863]
[EE__x(t) = .024439, EE__y(t) = .673529167, EE__angle(t) = -.1341191449]
[EE__x(t) = .027866, EE__y(t) = .67353217745, EE__angle(t) = -.1270811333]
[EE__x(t) = .031279, EE__y(t) = .67354208489, EE__angle(t) = -.120126063]
[EE__x(t) = .03468, EE__y(t) = .67355661734, EE__angle(t) = -.1133985709]
[EE__x(t) = .038066, EE__y(t) = .67357504978, EE__angle(t) = -.107009838]
[EE__x(t) = .041438, EE__y(t) = .67359814723, EE__angle(t) = -.1010537573]
[EE__x(t) = .044794, EE__y(t) = .67362698467, EE__angle(t) = -.09559395646]
[EE__x(t) = .048131, EE__y(t) = .67366114212, EE__angle(t) = -.09067623368]
[EE__x(t) = .051452, EE__y(t) = .67369847956, EE__angle(t) = -.0863061914]
[EE__x(t) = .054748, EE__y(t) = .67373603701, EE__angle(t) = -.08247007531]
[EE__x(t) = .058017, EE__y(t) = .67377296445, EE__angle(t) = -.07912600424]
[EE__x(t) = .061254, EE__y(t) = .6738115719, EE__angle(t) = -.07621891505]
[EE__x(t) = .06446, EE__y(t) = .67385491935, EE__angle(t) = -.0736761615]
[EE__x(t) = .067626, EE__y(t) = .67390541679, EE__angle(t) = -.07141825133]
[EE__x(t) = .070751, EE__y(t) = .67396209424, EE__angle(t) = -.06936284047]
[EE__x(t) = .07383, EE__y(t) = .67402260168, EE__angle(t) = -.06742816217]
[EE__x(t) = .076859, EE__y(t) = .67408412913, EE__angle(t) = -.06554182869]
[EE__x(t) = .079839, EE__y(t) = .67414426657, EE__angle(t) = -.06363761805]
[EE__x(t) = .082769, EE__y(t) = .67420204402, EE__angle(t) = -.06166549176]
[EE__x(t) = .085644, EE__y(t) = .67425690146, EE__angle(t) = -.05958465713]
[EE__x(t) = .088464, EE__y(t) = .67430825891, EE__angle(t) = -.05737412467]
[EE__x(t) = .091227, EE__y(t) = .67435494635, EE__angle(t) = -.05502283301]
[EE__x(t) = .093931, EE__y(t) = .6743971538, EE__angle(t) = -.05253586651]
[EE__x(t) = .096574, EE__y(t) = .67443636124, EE__angle(t) = -.04992603696]
[EE__x(t) = .099149, EE__y(t) = .67447608869, EE__angle(t) = -.04721718347]
[EE__x(t) = .101653, EE__y(t) = .67451787614, EE__angle(t) = -.04443804382]
[EE__x(t) = .104086, EE__y(t) = .67456038358, EE__angle(t) = -.04162267621]
[EE__x(t) = .106447, EE__y(t) = .67460019103, EE__angle(t) = -.03880681069]
[EE__x(t) = .108734, EE__y(t) = .67463349847, EE__angle(t) = -.03602470884]
[EE__x(t) = .11095, EE__y(t) = .67465861592, EE__angle(t) = -.03330944362]
[EE__x(t) = .113098, EE__y(t) = .67467611336, EE__angle(t) = -.03069025575]
[EE__x(t) = .115174, EE__y(t) = .67468829081, EE__angle(t) = -.02819393972]
[EE__x(t) = .117179, EE__y(t) = .67469671125, EE__angle(t) = -.02584110165]
[EE__x(t) = .119111, EE__y(t) = .6747021057, EE__angle(t) = -.02364905652]
[EE__x(t) = .120971, EE__y(t) = .67470387314, EE__angle(t) = -.02162897365]
[EE__x(t) = .122761, EE__y(t) = .67470075459, EE__angle(t) = -.01978920408]
[EE__x(t) = .124477, EE__y(t) = .67469253803, EE__angle(t) = -.01813462168]
[EE__x(t) = .126122, EE__y(t) = .67467955448, EE__angle(t) = -.01666783614]
[EE__x(t) = .127693, EE__y(t) = .67466218292, EE__angle(t) = -.01538557674]
[EE__x(t) = .129191, EE__y(t) = .67463971037, EE__angle(t) = -.01428187471]
[EE__x(t) = .130619, EE__y(t) = .67461018782, EE__angle(t) = -.01334742829]
[EE__x(t) = .131973, EE__y(t) = .67457190526, EE__angle(t) = -.01257091478]
[EE__x(t) = .133259, EE__y(t) = .67452334271, EE__angle(t) = -.01193624698]
[EE__x(t) = .134472, EE__y(t) = .67446349415, EE__angle(t) = -.0114252594]
[EE__x(t) = .135614, EE__y(t) = .6743922176, EE__angle(t) = -.01101771491]
[EE__x(t) = .136683, EE__y(t) = .67431004504, EE__angle(t) = -.01069209695]
[EE__x(t) = .137678, EE__y(t) = .67421863249, EE__angle(t) = -.01042379037]
[EE__x(t) = .138599, EE__y(t) = .67412006993, EE__angle(t) = -.01018694736]
[EE__x(t) = .139448, EE__y(t) = .67401662738, EE__angle(t) = -.009955067567]
[EE__x(t) = .140224, EE__y(t) = .67390825482, EE__angle(t) = -.009702106653]
[EE__x(t) = .140931, EE__y(t) = .67379236227, EE__angle(t) = -.009406058766]
[EE__x(t) = .141566, EE__y(t) = .67366641971, EE__angle(t) = -.009046865188]
[EE__x(t) = .142132, EE__y(t) = .67352867716, EE__angle(t) = -.008607302935]
[EE__x(t) = .142635, EE__y(t) = .6733810846, EE__angle(t) = -.00807323152]
[EE__x(t) = .143068, EE__y(t) = .67322789205, EE__angle(t) = -.007442522952]
[EE__x(t) = .14343, EE__y(t) = .6730733595, EE__angle(t) = -.006718640935]
[EE__x(t) = .143712, EE__y(t) = .67291962694, EE__angle(t) = -.005912320858]
[EE__x(t) = .143916, EE__y(t) = .67276611439, EE__angle(t) = -.005038469364]
[EE__x(t) = .144045, EE__y(t) = .67261002183, EE__angle(t) = -.004120997889]
[EE__x(t) = .144098, EE__y(t) = .67244712928, EE__angle(t) = -.003187554484]
[EE__x(t) = .144084, EE__y(t) = .67227323672, EE__angle(t) = -.002268586437]
[EE__x(t) = .144, EE__y(t) = .67208590417, EE__angle(t) = -.001395409666]
[EE__x(t) = .143851, EE__y(t) = .67188425161, EE__angle(t) = -.0005985067287]
[EE__x(t) = .143632, EE__y(t) = .67167115906, EE__angle(t) = 9.319697653e-005]
[EE__x(t) = .143344, EE__y(t) = .6714505665, EE__angle(t) = .000658105305]
[EE__x(t) = .142985, EE__y(t) = .67122504395, EE__angle(t) = .001079187888]
[EE__x(t) = .142555, EE__y(t) = .67099514139, EE__angle(t) = .001350589566]
[EE__x(t) = .142059, EE__y(t) = .67075961884, EE__angle(t) = .001472963508]
[EE__x(t) = .141499, EE__y(t) = .67051718229, EE__angle(t) = .001461361474]
[EE__x(t) = .140878, EE__y(t) = .67026735373, EE__angle(t) = .001337797053]
[EE__x(t) = .140197, EE__y(t) = .67001061118, EE__angle(t) = .001134523121]
[EE__x(t) = .139464, EE__y(t) = .66974766862, EE__angle(t) = .000888383064]
[EE__x(t) = .138674, EE__y(t) = .66948002607, EE__angle(t) = .0006414047325]
[EE__x(t) = .137831, EE__y(t) = .66920869351, EE__angle(t) = .0004368023633]
[EE__x(t) = .136926, EE__y(t) = .66893408096, EE__angle(t) = .0003137732343]
[EE__x(t) = .135964, EE__y(t) = .6686549684, EE__angle(t) = .0003079944653]
[EE__x(t) = .134942, EE__y(t) = .66836958785, EE__angle(t) = .0004430807971]
[EE__x(t) = .133856, EE__y(t) = .66807730329, EE__angle(t) = .0007352393753]
[EE__x(t) = .132705, EE__y(t) = .66777897074, EE__angle(t) = .001182905599]
[EE__x(t) = .131488, EE__y(t) = .66747637818, EE__angle(t) = .001775051491]
[EE__x(t) = .130203, EE__y(t) = .66717023563, EE__angle(t) = .002482928858]
[EE__x(t) = .128853, EE__y(t) = .66685969307, EE__angle(t) = .003269435465]
[EE__x(t) = .127432, EE__y(t) = .66654325052, EE__angle(t) = .004086112056]
[EE__x(t) = .125945, EE__y(t) = .66621933797, EE__angle(t) = .004880448226]
[EE__x(t) = .124388, EE__y(t) = .66588814541, EE__angle(t) = .005600257267]
[EE__x(t) = .122764, EE__y(t) = .66555090286, EE__angle(t) = .006195917919]
[EE__x(t) = .121071, EE__y(t) = .6652080603, EE__angle(t) = .006632094226]
[EE__x(t) = .119306, EE__y(t) = .66485917775, EE__angle(t) = .006883048848]
[EE__x(t) = .117471, EE__y(t) = .66450346519, EE__angle(t) = .006948909577]
[EE__x(t) = .115564, EE__y(t) = .66414155264, EE__angle(t) = .006844454096]
[EE__x(t) = .11359, EE__y(t) = .66377606008, EE__angle(t) = .0066153671]
[EE__x(t) = .111546, EE__y(t) = .66341013753, EE__angle(t) = .006322905006]
[EE__x(t) = .109431, EE__y(t) = .66304497497, EE__angle(t) = .006053972147]
[EE__x(t) = .107248, EE__y(t) = .66267908242, EE__angle(t) = .005906547511]
[EE__x(t) = .104998, EE__y(t) = .66230898986, EE__angle(t) = .005989115554]
[EE__x(t) = .102687, EE__y(t) = .66193278731, EE__angle(t) = .006411903316]
[EE__x(t) = .100316, EE__y(t) = .66155040476, EE__angle(t) = .007273140758]
[EE__x(t) = .097886, EE__y(t) = .6611641122, EE__angle(t) = .008660543451]
[EE__x(t) = .095399, EE__y(t) = .66077692965, EE__angle(t) = .01062578989]
[EE__x(t) = .092855, EE__y(t) = .66038892709, EE__angle(t) = .01319839493]
[EE__x(t) = .090262, EE__y(t) = .65999833454, EE__angle(t) = .01635458636]
[EE__x(t) = .08762, EE__y(t) = .65960233198, EE__angle(t) = .02004112872]
[EE__x(t) = .084933, EE__y(t) = .65920074943, EE__angle(t) = .02414529955]
[EE__x(t) = .082202, EE__y(t) = .65879635687, EE__angle(t) = .02852436314]
[EE__x(t) = .079426, EE__y(t) = .65839368432, EE__angle(t) = .03298596887]
[EE__x(t) = .076602, EE__y(t) = .65799447176, EE__angle(t) = .037315647]
[EE__x(t) = .07374, EE__y(t) = .65759797921, EE__angle(t) = .04127454346]
[EE__x(t) = .070843, EE__y(t) = .65720021665, EE__angle(t) = .04461663284]
[EE__x(t) = .067915, EE__y(t) = .6567992941, EE__angle(t) = .04710548813]
[EE__x(t) = .064962, EE__y(t) = .65639650154, EE__angle(t) = .04851571445]
[EE__x(t) = .061992, EE__y(t) = .65599770899, EE__angle(t) = .0486660316]
[EE__x(t) = .059015, EE__y(t) = .65560631644, EE__angle(t) = .04740356406]
[EE__x(t) = .056044, EE__y(t) = .65522302388, EE__angle(t) = .04464809641]
[EE__x(t) = .053097, EE__y(t) = .65484133133, EE__angle(t) = .04035991067]
[EE__x(t) = .050193, EE__y(t) = .65445743877, EE__angle(t) = .0345822805]
[EE__x(t) = .047344, EE__y(t) = .65406414622, EE__angle(t) = .02740122661]
[EE__x(t) = .044558, EE__y(t) = .65366435366, EE__angle(t) = .0189770958]
[EE__x(t) = .041837, EE__y(t) = .65326306111, EE__angle(t) = .009506144301]
[EE__x(t) = .039193, EE__y(t) = .65287456855, EE__angle(t) = -.0007626514791]
[EE__x(t) = .036627, EE__y(t) = .652501266, EE__angle(t) = -.01155888805]
[EE__x(t) = .034153, EE__y(t) = .65214588344, EE__angle(t) = -.02259836512]
[EE__x(t) = .031772, EE__y(t) = .65180409089, EE__angle(t) = -.03359553011]
[EE__x(t) = .029494, EE__y(t) = .65147109833, EE__angle(t) = -.04428603304]
[EE__x(t) = .027317, EE__y(t) = .65114170578, EE__angle(t) = -.05442238484]
[EE__x(t) = .025246, EE__y(t) = .65081354322, EE__angle(t) = -.06381073781]
[EE__x(t) = .023282, EE__y(t) = .65048508067, EE__angle(t) = -.0722883751]
[EE__x(t) = .021426, EE__y(t) = .65015586812, EE__angle(t) = -.07976104038]
[EE__x(t) = .019679, EE__y(t) = .64982518556, EE__angle(t) = -.08617085036]
[EE__x(t) = .018049, EE__y(t) = .64949270401, EE__angle(t) = -.09152771323]
[EE__x(t) = .016535, EE__y(t) = .64915826645, EE__angle(t) = -.09587517514]
[EE__x(t) = .015142, EE__y(t) = .6488219579, EE__angle(t) = -.09931003102]
[EE__x(t) = .013871, EE__y(t) = .64848380034, EE__angle(t) = -.1019526212]
[EE__x(t) = .012724, EE__y(t) = .64814377679, EE__angle(t) = -.103948329]
[EE__x(t) = .011706, EE__y(t) = .64780180023, EE__angle(t) = -.1054518898]
[EE__x(t) = .010819, EE__y(t) = .64745747768, EE__angle(t) = -.1066197889]
[EE__x(t) = .010064, EE__y(t) = .64711055512, EE__angle(t) = -.1076045873]
[EE__x(t) = .00944, EE__y(t) = .64676001257, EE__angle(t) = -.1085322619]
[EE__x(t) = .008954, EE__y(t) = .64640516001, EE__angle(t) = -.109513716]
[EE__x(t) = .008602, EE__y(t) = .64604556746, EE__angle(t) = -.1106280091]
[EE__x(t) = .00839, EE__y(t) = .64568083491, EE__angle(t) = -.1119347015]
[EE__x(t) = .008319, EE__y(t) = .64531042235, EE__angle(t) = -.1134467491]
[EE__x(t) = .008386, EE__y(t) = .6449334398, EE__angle(t) = -.1151565746]
[EE__x(t) = .008595, EE__y(t) = .64454955724, EE__angle(t) = -.1170351457]
[EE__x(t) = .008942, EE__y(t) = .64415767469, EE__angle(t) = -.1190415344]
[EE__x(t) = .009425, EE__y(t) = .64375665213, EE__angle(t) = -.1211106318]
[EE__x(t) = .010045, EE__y(t) = .64334627958, EE__angle(t) = -.1231695463]
[EE__x(t) = .010799, EE__y(t) = .64292541402, EE__angle(t) = -.1251510112]
[EE__x(t) = .011686, EE__y(t) = .64249398447, EE__angle(t) = -.1269917528]
[EE__x(t) = .012704, EE__y(t) = .64205265191, EE__angle(t) = -.1286399011]
[EE__x(t) = .013852, EE__y(t) = .64160221936, EE__angle(t) = -.1300514994]
[EE__x(t) = .015126, EE__y(t) = .6411440268, EE__angle(t) = -.1312047066]
[EE__x(t) = .016521, EE__y(t) = .64067764425, EE__angle(t) = -.1320903602]
[EE__x(t) = .018039, EE__y(t) = .64020236169, EE__angle(t) = -.1327266093]
[EE__x(t) = .019672, EE__y(t) = .63971728914, EE__angle(t) = -.1331441205]
[EE__x(t) = .021419, EE__y(t) = .63922329659, EE__angle(t) = -.1333889636]
[EE__x(t) = .023283, EE__y(t) = .63872104403, EE__angle(t) = -.1335151477]
[EE__x(t) = .025255, EE__y(t) = .63820995148, EE__angle(t) = -.1335905223]
[EE__x(t) = .027336, EE__y(t) = .63768725892, EE__angle(t) = -.1336883942]
[EE__x(t) = .029515, EE__y(t) = .63714892637, EE__angle(t) = -.133884709]
[EE__x(t) = .031794, EE__y(t) = .63659307381, EE__angle(t) = -.1342547058]
[EE__x(t) = .034173, EE__y(t) = .63602508126, EE__angle(t) = -.1348639351]
[EE__x(t) = .036654, EE__y(t) = .6354467887, EE__angle(t) = -.1357722529]
[EE__x(t) = .039236, EE__y(t) = .63486809615, EE__angle(t) = -.1370267355]
[EE__x(t) = .041917, EE__y(t) = .63429100359, EE__angle(t) = -.1386668467]
[EE__x(t) = .044694, EE__y(t) = .63371381104, EE__angle(t) = -.1407145892]
[EE__x(t) = .047567, EE__y(t) = .63313461848, EE__angle(t) = -.143182206]
[EE__x(t) = .050535, EE__y(t) = .63254787593, EE__angle(t) = -.1460618314]
[EE__x(t) = .05359, EE__y(t) = .63195233338, EE__angle(t) = -.149335821]
[EE__x(t) = .056728, EE__y(t) = .63135104082, EE__angle(t) = -.1529719013]
[EE__x(t) = .05995, EE__y(t) = .63074654827, EE__angle(t) = -.1569300519]
[EE__x(t) = .063252, EE__y(t) = .63014620571, EE__angle(t) = -.1611559103]
[EE__x(t) = .066639, EE__y(t) = .62955146316, EE__angle(t) = -.1655888494]
[EE__x(t) = .070108, EE__y(t) = .6289616706, EE__angle(t) = -.1701619527]
[EE__x(t) = .073658, EE__y(t) = .62837477805, EE__angle(t) = -.1748060884]
[EE__x(t) = .077289, EE__y(t) = .62778418549, EE__angle(t) = -.1794524653]
[EE__x(t) = .080995, EE__y(t) = .62718579294, EE__angle(t) = -.184031582]
[EE__x(t) = .084772, EE__y(t) = .62657780038, EE__angle(t) = -.1884690651]
[EE__x(t) = .088619, EE__y(t) = .62595950783, EE__angle(t) = -.1926912189]
[EE__x(t) = .092537, EE__y(t) = .62533851527, EE__angle(t) = -.1966386008]
[EE__x(t) = .096522, EE__y(t) = .62471830272, EE__angle(t) = -.2002563719]
[EE__x(t) = .100574, EE__y(t) = .62410013016, EE__angle(t) = -.203486451]
[EE__x(t) = .104686, EE__y(t) = .62348303761, EE__angle(t) = -.206272715]
[EE__x(t) = .108859, EE__y(t) = .62286444506, EE__angle(t) = -.2085773409]
[EE__x(t) = .113092, EE__y(t) = .6222440525, EE__angle(t) = -.2103697117]
[EE__x(t) = .117385, EE__y(t) = .62162805995, EE__angle(t) = -.211622613]
[EE__x(t) = .121736, EE__y(t) = .62101834739, EE__angle(t) = -.2123129745]
[EE__x(t) = .126144, EE__y(t) = .62041717484, EE__angle(t) = -.212434751]
[EE__x(t) = .130603, EE__y(t) = .61982018228, EE__angle(t) = -.2119892154]
[EE__x(t) = .135108, EE__y(t) = .61922508973, EE__angle(t) = -.2109844037]
[EE__x(t) = .139654, EE__y(t) = .61862919717, EE__angle(t) = -.2094324662]
[EE__x(t) = .144232, EE__y(t) = .61803380462, EE__angle(t) = -.2073553077]
[EE__x(t) = .148842, EE__y(t) = .61744151206, EE__angle(t) = -.2047797384]
[EE__x(t) = .15348, EE__y(t) = .61685438951, EE__angle(t) = -.2017406056]
[EE__x(t) = .158144, EE__y(t) = .61627232695, EE__angle(t) = -.1982760292]
[EE__x(t) = .162834, EE__y(t) = .6156944644, EE__angle(t) = -.1944262616]
[EE__x(t) = .167552, EE__y(t) = .61512064184, EE__angle(t) = -.1902320043]
[EE__x(t) = .172294, EE__y(t) = .61455174929, EE__angle(t) = -.1857320824]
[EE__x(t) = .177059, EE__y(t) = .61398981674, EE__angle(t) = -.1809647255]
[EE__x(t) = .181844, EE__y(t) = .61343646418, EE__angle(t) = -.1759686533]
[EE__x(t) = .186647, EE__y(t) = .61289037163, EE__angle(t) = -.1707810738]
[EE__x(t) = .191468, EE__y(t) = .61234937907, EE__angle(t) = -.1654293274]
[EE__x(t) = .196309, EE__y(t) = .61181160352, EE__angle(t) = -.1599371587]
[EE__x(t) = .201165, EE__y(t) = .61127579396, EE__angle(t) = -.1543281656]
[EE__x(t) = .206037, EE__y(t) = .61074290141, EE__angle(t) = -.1486260068]
[EE__x(t) = .210927, EE__y(t) = .61021482885, EE__angle(t) = -.142854995]
[EE__x(t) = .215829, EE__y(t) = .6096926623, EE__angle(t) = -.1370392561]
[EE__x(t) = .220742, EE__y(t) = .60917686374, EE__angle(t) = -.1312004408]
[EE__x(t) = .225669, EE__y(t) = .60866692119, EE__angle(t) = -.1253617248]
[EE__x(t) = .230602, EE__y(t) = .60816174863, EE__angle(t) = -.1195604197]
[EE__x(t) = .235546, EE__y(t) = .60766040608, EE__angle(t) = -.1138389059]
[EE__x(t) = .240498, EE__y(t) = .60716248353, EE__angle(t) = -.1082392892]
[EE__x(t) = .24546, EE__y(t) = .60666777097, EE__angle(t) = -.1028046114]
[EE__x(t) = .250431, EE__y(t) = .60617610242, EE__angle(t) = -.09758397504]
[EE__x(t) = .255412, EE__y(t) = .60568741186, EE__angle(t) = -.09262758755]
[EE__x(t) = .260402, EE__y(t) = .60520176031, EE__angle(t) = -.08797930258]
[EE__x(t) = .265399, EE__y(t) = .60471924075, EE__angle(t) = -.08367854616]
[EE__x(t) = .270401, EE__y(t) = .6042397682, EE__angle(t) = -.07975232245]
[EE__x(t) = .27541, EE__y(t) = .60376315564, EE__angle(t) = -.07621975587]
[EE__x(t) = .280424, EE__y(t) = .60328892209, EE__angle(t) = -.07308019938]
[EE__x(t) = .285446, EE__y(t) = .60281700053, EE__angle(t) = -.07032183807]
[EE__x(t) = .290474, EE__y(t) = .60234755198, EE__angle(t) = -.06790940885]
[EE__x(t) = .29551, EE__y(t) = .60188062542, EE__angle(t) = -.06579549195]
[EE__x(t) = .300558, EE__y(t) = .60141544287, EE__angle(t) = -.06391120671]
[EE__x(t) = .305616, EE__y(t) = .60095095031, EE__angle(t) = -.06217793069]
[EE__x(t) = .310685, EE__y(t) = .60048532776, EE__angle(t) = -.0605054794]
[EE__x(t) = .315764, EE__y(t) = .60001906521, EE__angle(t) = -.05879918153]
[EE__x(t) = .320852, EE__y(t) = .59955437265, EE__angle(t) = -.05696257466]
[EE__x(t) = .325945, EE__y(t) = .5990941801, EE__angle(t) = -.05490099748]
[EE__x(t) = .331038, EE__y(t) = .59864174754, EE__angle(t) = -.05253407939]
[EE__x(t) = .336129, EE__y(t) = .59819779499, EE__angle(t) = -.04979078876]
[EE__x(t) = .341213, EE__y(t) = .59776050243, EE__angle(t) = -.04662442933]
[EE__x(t) = .346289, EE__y(t) = .59732700988, EE__angle(t) = -.04300253499]
[EE__x(t) = .351355, EE__y(t) = .59689461732, EE__angle(t) = -.03892432831]
[EE__x(t) = .356406, EE__y(t) = .59646152477, EE__angle(t) = -.03440561766]
[EE__x(t) = .361441, EE__y(t) = .59602793221, EE__angle(t) = -.02949212806]
[EE__x(t) = .366467, EE__y(t) = .59559673966, EE__angle(t) = -.02424414572]
[EE__x(t) = .371485, EE__y(t) = .5951701471, EE__angle(t) = -.01874380302]
[EE__x(t) = .376497, EE__y(t) = .59475243455, EE__angle(t) = -.01308270704]
[EE__x(t) = .381502, EE__y(t) = .594344062, EE__angle(t) = -.007361660233]
[EE__x(t) = .386488, EE__y(t) = .59394336944, EE__angle(t) = -.001683937821]
[EE__x(t) = .391453, EE__y(t) = .59354862689, EE__angle(t) = .003852153544]
[EE__x(t) = .396386, EE__y(t) = .59315953433, EE__angle(t) = .009152996528]
[EE__x(t) = .401284, EE__y(t) = .59277619178, EE__angle(t) = .01414184852]
[EE__x(t) = .406138, EE__y(t) = .59239799922, EE__angle(t) = .01875219563]
[EE__x(t) = .410955, EE__y(t) = .59202300667, EE__angle(t) = .02294160156]
[EE__x(t) = .415735, EE__y(t) = .59164871411, EE__angle(t) = .02668040494]
[EE__x(t) = .42048, EE__y(t) = .59127374156, EE__angle(t) = .02996268235]
[EE__x(t) = .425195, EE__y(t) = .590897169, EE__angle(t) = .03279454055]
[EE__x(t) = .42988, EE__y(t) = .59051943645, EE__angle(t) = .03520220077]
[EE__x(t) = .434537, EE__y(t) = .59014166389, EE__angle(t) = .03722083933]
[EE__x(t) = .43916, EE__y(t) = .58976446134, EE__angle(t) = .03889544646]
[EE__x(t) = .443745, EE__y(t) = .58938735878, EE__angle(t) = .0402745357]
[EE__x(t) = .448285, EE__y(t) = .58900940623, EE__angle(t) = .04140647823]
[EE__x(t) = .452782, EE__y(t) = .58862945368, EE__angle(t) = .04233851639]
[EE__x(t) = .457232, EE__y(t) = .58824788112, EE__angle(t) = .04311161181]
[EE__x(t) = .461634, EE__y(t) = .58786588857, EE__angle(t) = .04376208087]
[EE__x(t) = .465989, EE__y(t) = .58748619601, EE__angle(t) = .04431238556]
[EE__x(t) = .470297, EE__y(t) = .58711082346, EE__angle(t) = .04477806027]
[EE__x(t) = .474559, EE__y(t) = .5867413109, EE__angle(t) = .04516345506]
[EE__x(t) = .478775, EE__y(t) = .58637681835, EE__angle(t) = .0454672625]
[EE__x(t) = .482946, EE__y(t) = .58601292579, EE__angle(t) = .04567875756]
[EE__x(t) = .487071, EE__y(t) = .58564663324, EE__angle(t) = .04578304181]
[EE__x(t) = .491156, EE__y(t) = .58527364068, EE__angle(t) = .04576073514]
[EE__x(t) = .495199, EE__y(t) = .58489464813, EE__angle(t) = .04559107707]
[EE__x(t) = .499202, EE__y(t) = .58451155557, EE__angle(t) = .04525470715]
[EE__x(t) = .50316, EE__y(t) = .58412826302, EE__angle(t) = .04473358348]
[EE__x(t) = .507074, EE__y(t) = .58374837046, EE__angle(t) = .04401440112]
[EE__x(t) = .510946, EE__y(t) = .58337220791, EE__angle(t) = .04308677454]
[EE__x(t) = .514775, EE__y(t) = .58299956536, EE__angle(t) = .04194735831]
[EE__x(t) = .518563, EE__y(t) = .5826293828, EE__angle(t) = .04059625441]
[EE__x(t) = .522311, EE__y(t) = .58226141025, EE__angle(t) = .03903882434]
[EE__x(t) = .526024, EE__y(t) = .58189520769, EE__angle(t) = .03728347225]
[EE__x(t) = .529703, EE__y(t) = .58152941514, EE__angle(t) = .03534526303]
[EE__x(t) = .533349, EE__y(t) = .58116182258, EE__angle(t) = .03324148649]
[EE__x(t) = .536962, EE__y(t) = .58079005963, EE__angle(t) = .03098835498]
[EE__x(t) = .540542, EE__y(t) = .58041363747, EE__angle(t) = .02860170851]
[EE__x(t) = .54409, EE__y(t) = .58003314492, EE__angle(t) = .02609749649]
[EE__x(t) = .547602, EE__y(t) = .57965030236, EE__angle(t) = .02349131546]
[EE__x(t) = .551077, EE__y(t) = .57926584981, EE__angle(t) = .02079646886]
[EE__x(t) = .554514, EE__y(t) = .57887916725, EE__angle(t) = .01802539099]
[EE__x(t) = .557918, EE__y(t) = .5784900147, EE__angle(t) = .01519028626]
[EE__x(t) = .561289, EE__y(t) = .57809812215, EE__angle(t) = .01230340694]
[EE__x(t) = .564635, EE__y(t) = .5777042096, EE__angle(t) = .009377768162]
[EE__x(t) = .567955, EE__y(t) = .577308747, EE__angle(t) = .006427224515]
[EE__x(t) = .571247, EE__y(t) = .5769121945, EE__angle(t) = .003468920507]
[EE__x(t) = .574514, EE__y(t) = .5765151119, EE__angle(t) = .0005218220726]
[EE__x(t) = .577754, EE__y(t) = .5761185194, EE__angle(t) = -.002391419796]
[EE__x(t) = .580958, EE__y(t) = .5757239768, EE__angle(t) = -.005246582727]
[EE__x(t) = .584121, EE__y(t) = .5753318743, EE__angle(t) = -.008018051871]
[EE__x(t) = .587244, EE__y(t) = .5749419017, EE__angle(t) = -.01067976826]
[EE__x(t) = .590322, EE__y(t) = .5745537492, EE__angle(t) = -.01320601818]
[EE__x(t) = .593354, EE__y(t) = .5741675312, EE__angle(t) = -.01557232803]
[EE__x(t) = .596341, EE__y(t) = .573783374, EE__angle(t) = -.0177607352]
[EE__x(t) = .599278, EE__y(t) = .5734011715, EE__angle(t) = -.01975754601]
[EE__x(t) = .602166, EE__y(t) = .5730215789, EE__angle(t) = -.02156023713]
[EE__x(t) = .605001, EE__y(t) = .5726456864, EE__angle(t) = -.02317213952]
[EE__x(t) = .607784, EE__y(t) = .5722753938, EE__angle(t) = -.02460717297]
[EE__x(t) = .610509, EE__y(t) = .5719090013, EE__angle(t) = -.02588472889]
[EE__x(t) = .613178, EE__y(t) = .5715440087, EE__angle(t) = -.02703378681]
[EE__x(t) = .615791, EE__y(t) = .5711705061, EE__angle(t) = -.02808762996]
[EE__x(t) = .618344, EE__y(t) = .5707900236, EE__angle(t) = -.02908442345]
[EE__x(t) = .620837, EE__y(t) = .570404231, EE__angle(t) = -.0300632193]
[EE__x(t) = .623265, EE__y(t) = .5700165385, EE__angle(t) = -.0310579425]
[EE__x(t) = .625621, EE__y(t) = .5696332959, EE__angle(t) = -.03209873407]
[EE__x(t) = .627906, EE__y(t) = .5692562534, EE__angle(t) = -.03320447745]
[EE__x(t) = .630122, EE__y(t) = .5688801608, EE__angle(t) = -.03438726508]
[EE__x(t) = .632265, EE__y(t) = .5685060682, EE__angle(t) = -.0356433164]
[EE__x(t) = .634342, EE__y(t) = .5681281757, EE__angle(t) = -.0369604954]
[EE__x(t) = .636351, EE__y(t) = .5677473831, EE__angle(t) = -.03831140416]
[EE__x(t) = .638285, EE__y(t) = .5673694906, EE__angle(t) = -.03966171841]
[EE__x(t) = .640144, EE__y(t) = .566994698, EE__angle(t) = -.0409689012]
[EE__x(t) = .641927, EE__y(t) = .5666251055, EE__angle(t) = -.04218805771]
[EE__x(t) = .643638, EE__y(t) = .5662578129, EE__angle(t) = -.0432778631]
[EE__x(t) = .645275, EE__y(t) = .5658895204, EE__angle(t) = -.04420117891]
[EE__x(t) = .646843, EE__y(t) = .5655154278, EE__angle(t) = -.04493776088]
[EE__x(t) = .648341, EE__y(t) = .5651347353, EE__angle(t) = -.04547796054]
[EE__x(t) = .649772, EE__y(t) = .5647486427, EE__angle(t) = -.04583830772]
[EE__x(t) = .65113, EE__y(t) = .5643567502, EE__angle(t) = -.0460496945]
[EE__x(t) = .652416, EE__y(t) = .5639701576, EE__angle(t) = -.04617158125]
[EE__x(t) = .653632, EE__y(t) = .563590545, EE__angle(t) = -.04627777611]
[EE__x(t) = .654785, EE__y(t) = .5632217725, EE__angle(t) = -.04646553038]
[EE__x(t) = .655883, EE__y(t) = .5628572799, EE__angle(t) = -.04684174502]
[EE__x(t) = .656936, EE__y(t) = .5624906874, EE__angle(t) = -.04752016148]
[EE__x(t) = .657961, EE__y(t) = .5621183948, EE__angle(t) = -.04861508635]
[EE__x(t) = .658972, EE__y(t) = .5617383023, EE__angle(t) = -.05022969551]
[EE__x(t) = .659979, EE__y(t) = .5613537097, EE__angle(t) = -.05245795208]
[EE__x(t) = .660997, EE__y(t) = .5609695172, EE__angle(t) = -.05536354818]
[EE__x(t) = .662041, EE__y(t) = .5605852246, EE__angle(t) = -.05899187975]
[EE__x(t) = .663121, EE__y(t) = .560199232, EE__angle(t) = -.06334545651]
[EE__x(t) = .664254, EE__y(t) = .5598168395, EE__angle(t) = -.06840361389]
[EE__x(t) = .665449, EE__y(t) = .5594377469, EE__angle(t) = -.07410095292]
[EE__x(t) = .666712, EE__y(t) = .5590725544, EE__angle(t) = -.08034989542]
[EE__x(t) = .66805, EE__y(t) = .5587257918, EE__angle(t) = -.08702783165]
[EE__x(t) = .669465, EE__y(t) = .5583972693, EE__angle(t) = -.09399653247]
[EE__x(t) = .670952, EE__y(t) = .5580862767, EE__angle(t) = -.1011005384]
[EE__x(t) = .67251, EE__y(t) = .5577911842, EE__angle(t) = -.1081791969]
[EE__x(t) = .674131, EE__y(t) = .5575109916, EE__angle(t) = -.115077905]
[EE__x(t) = .675812, EE__y(t) = .557241099, EE__angle(t) = -.1216489125]
[EE__x(t) = .677556, EE__y(t) = .5569790065, EE__angle(t) = -.1277716833]
[EE__x(t) = .679363, EE__y(t) = .556722114, EE__angle(t) = -.1333423163]
[EE__x(t) = .681229, EE__y(t) = .5564710214, EE__angle(t) = -.1382965484]
[EE__x(t) = .683155, EE__y(t) = .5562281288, EE__angle(t) = -.1425911776]
[EE__x(t) = .685142, EE__y(t) = .5559947463, EE__angle(t) = -.1462222599]
[EE__x(t) = .687192, EE__y(t) = .5557711537, EE__angle(t) = -.1492065864]
[EE__x(t) = .689312, EE__y(t) = .5555574512, EE__angle(t) = -.1515991192]
[EE__x(t) = .691497, EE__y(t) = .5553545586, EE__angle(t) = -.1534709486]
[EE__x(t) = .693746, EE__y(t) = .5551648261, EE__angle(t) = -.1549067273]
[EE__x(t) = .69606, EE__y(t) = .5549892735, EE__angle(t) = -.1559969485]
[EE__x(t) = .698434, EE__y(t) = .554826181, EE__angle(t) = -.1568375896]
[EE__x(t) = .700871, EE__y(t) = .5546733884, EE__angle(t) = -.1575247268]
[EE__x(t) = .703374, EE__y(t) = .5545261558, EE__angle(t) = -.1581434342]
[EE__x(t) = .705942, EE__y(t) = .5543842033, EE__angle(t) = -.1587713539]
[EE__x(t) = .708577, EE__y(t) = .5542482107, EE__angle(t) = -.1594659807]
[EE__x(t) = .711278, EE__y(t) = .5541211182, EE__angle(t) = -.1602731024]
[EE__x(t) = .714044, EE__y(t) = .5540066856, EE__angle(t) = -.1612127041]
[EE__x(t) = .716875, EE__y(t) = .5539051831, EE__angle(t) = -.1622922667]
[EE__x(t) = .719772, EE__y(t) = .5538163405, EE__angle(t) = -.1635007565]
[EE__x(t) = .722739, EE__y(t) = .553738848, EE__angle(t) = -.1648182727]
[EE__x(t) = .725772, EE__y(t) = .5536723554, EE__angle(t) = -.1662122315]
[EE__x(t) = .728874, EE__y(t) = .5536128628, EE__angle(t) = -.1676439126]
[EE__x(t) = .732034, EE__y(t) = .5535577703, EE__angle(t) = -.1690655448]
[EE__x(t) = .735258, EE__y(t) = .5535086777, EE__angle(t) = -.1704269118]
[EE__x(t) = .738539, EE__y(t) = .5534640852, EE__angle(t) = -.1716826354]
[EE__x(t) = .741881, EE__y(t) = .5534314626, EE__angle(t) = -.172788997]
[EE__x(t) = .745281, EE__y(t) = .5534091001, EE__angle(t) = -.1737017359]
[EE__x(t) = .748738, EE__y(t) = .5533958075, EE__angle(t) = -.1743801253]
[EE__x(t) = .75225, EE__y(t) = .553387515, EE__angle(t) = -.1748052232]
[EE__x(t) = .755811, EE__y(t) = .5533789224, EE__angle(t) = -.1749670546]
[EE__x(t) = .759426, EE__y(t) = .5533701299, EE__angle(t) = -.1748619709]
[EE__x(t) = .763093, EE__y(t) = .5533666373, EE__angle(t) = -.1744922763]
[EE__x(t) = .766809, EE__y(t) = .5533702448, EE__angle(t) = -.1738816931]
[EE__x(t) = .770576, EE__y(t) = .5533838822, EE__angle(t) = -.1730643675]
[EE__x(t) = .77439, EE__y(t) = .5534085596, EE__angle(t) = -.1720900654]
[EE__x(t) = .778252, EE__y(t) = .5534433671, EE__angle(t) = -.1710149169]
[EE__x(t) = .782156, EE__y(t) = .5534876845, EE__angle(t) = -.169899232]
[EE__x(t) = .786109, EE__y(t) = .553541182, EE__angle(t) = -.1688043242]
[EE__x(t) = .790101, EE__y(t) = .5536030894, EE__angle(t) = -.1677885536]
[EE__x(t) = .794134, EE__y(t) = .5536720969, EE__angle(t) = -.1669071711]
[EE__x(t) = .798205, EE__y(t) = .5537466043, EE__angle(t) = -.1662035164]
[EE__x(t) = .802313, EE__y(t) = .5538252118, EE__angle(t) = -.1657093717]
[EE__x(t) = .806454, EE__y(t) = .5539074192, EE__angle(t) = -.1654141947]
[EE__x(t) = .810631, EE__y(t) = .5539947266, EE__angle(t) = -.1652871438]
[EE__x(t) = .814842, EE__y(t) = .5540888941, EE__angle(t) = -.1652682643]
[EE__x(t) = .819089, EE__y(t) = .5541912415, EE__angle(t) = -.1652799119]
[EE__x(t) = .823367, EE__y(t) = .554300249, EE__angle(t) = -.1652026186]
[EE__x(t) = .827677, EE__y(t) = .5544151564, EE__angle(t) = -.1648977204]
[EE__x(t) = .832015, EE__y(t) = .5545311539, EE__angle(t) = -.1642028041]
[EE__x(t) = .836384, EE__y(t) = .5546484313, EE__angle(t) = -.1629476709]
[EE__x(t) = .840788, EE__y(t) = .5547673688, EE__angle(t) = -.1609667973]
[EE__x(t) = .845221, EE__y(t) = .5548875862, EE__angle(t) = -.1581005582]
[EE__x(t) = .849688, EE__y(t) = .5550083937, EE__angle(t) = -.1542138716]
[EE__x(t) = .854182, EE__y(t) = .5551278311, EE__angle(t) = -.14919056]
[EE__x(t) = .858706, EE__y(t) = .5552465086, EE__angle(t) = -.1429729848]
[EE__x(t) = .86326, EE__y(t) = .555364836, EE__angle(t) = -.1355381807]
[EE__x(t) = .867841, EE__y(t) = .5554838234, EE__angle(t) = -.1269419847]
[EE__x(t) = .872447, EE__y(t) = .5556034309, EE__angle(t) = -.1172751081]
[EE__x(t) = .87708, EE__y(t) = .5557238383, EE__angle(t) = -.1066654558]
[EE__x(t) = .88174, EE__y(t) = .5558416858, EE__angle(t) = -.09528235034]
[EE__x(t) = .886431, EE__y(t) = .5559599566, EE__angle(t) = -.08345846625]
